{
    "robot0:palm": [],
    "robot0:ffknuckle_child": [],
    "robot0:ffproximal_child": [0.0014532000059261918, -0.009895400144159794, 0.025999700650572777],
    "robot0:ffmiddle_child": [0.0034929998219013214, -0.008933300152420998, 0.012688900344073772],
    "robot0:ffdistal_child": [0.002353500109165907, -0.006592299789190292, 0.018016701564192772],
    "robot0:mfknuckle_child": [],
    "robot0:mfproximal_child": [0.0014532000059261918, -0.009895400144159794, 0.025999700650572777],
    "robot0:mfmiddle_child": [0.0034929998219013214, -0.008933300152420998, 0.012688900344073772],
    "robot0:mfdistal_child": [0.002353500109165907, -0.006592299789190292, 0.018016701564192772],
    "robot0:rfknuckle_child": [],
    "robot0:rfproximal_child": [0.0014532000059261918, -0.009895400144159794, 0.025999700650572777],
    "robot0:rfmiddle_child": [0.0034929998219013214, -0.008933300152420998, 0.012688900344073772],
    "robot0:rfdistal_child": [0.002353500109165907, -0.006592299789190292, 0.018016701564192772],
    "robot0:lfmetacarpal_child": [],
    "robot0:lfknuckle_child": [],
    "robot0:lfproximal_child": [0.0014532000059261918, -0.009895400144159794, 0.025999700650572777],
    "robot0:lfmiddle_child": [0.0034929998219013214, -0.008933300152420998, 0.012688900344073772],
    "robot0:lfdistal_child": [0.002353500109165907, -0.006592299789190292, 0.018016701564192772],
    "robot0:thbase_child": [], 
    "robot0:thproximal_child": [-0.009605600498616695, -0.003124200040474534, 0.020458700135350227],
    "robot0:thhub_child": [],
    "robot0:thmiddle_child": [-0.008796200156211853, 0.0012009999481961131, 0.017534900456666946],
    "robot0:thdistal_child": [0.0006580000044777989, -0.007265700027346611, 0.02190360054373741]
}